
insert into BASE_FIELDS (field_id, field, field_name, value_field, display_field, enabled, sort)values (sys_guid(), 'sex', '性别', '0', '男', 1, 1);
insert into BASE_FIELDS (field_id, field, field_name, value_field, display_field, enabled, sort)values (sys_guid(), 'sex', '性别', '1', '女', 1, 2);
insert into BASE_FIELDS (field_id, field, field_name, value_field, display_field, enabled, sort)values (sys_guid(), 'sex', '性别', '2', '其他', 1, 3);
insert into BASE_FIELDS (field_id, field, field_name, value_field, display_field, enabled, sort)values (sys_guid(), 'sex', '性别', '3', '保密', 0, 4);
insert into BASE_FIELDS (field_id, field, field_name, value_field, display_field, enabled, sort)values (sys_guid(), 'pagesize', '每页显示条数', '10', '10条/页', 1, 1);
insert into BASE_FIELDS (field_id, field, field_name, value_field, display_field, enabled, sort)values (sys_guid(), 'pagesize', '每页显示条数', '20', '20条/页', 1, 2);
insert into BASE_FIELDS (field_id, field, field_name, value_field, display_field, enabled, sort)values (sys_guid(), 'pagesize', '每页显示条数', '30', '30条/页', 1, 3);
insert into BASE_FIELDS (field_id, field, field_name, value_field, display_field, enabled, sort)values (sys_guid(), 'pagesize', '每页显示条数', '50', '50条/页', 1, 4);
insert into BASE_FIELDS (field_id, field, field_name, value_field, display_field, enabled, sort)values (sys_guid(), 'theme', '风格', 'xtheme-blue.css', '经典蓝色', 1, 1);
insert into BASE_FIELDS (field_id, field, field_name, value_field, display_field, enabled, sort)values (sys_guid(), 'theme', '风格', 'xtheme-gray.css', '简约灰色', 1, 2);
insert into BASE_FIELDS (field_id, field, field_name, value_field, display_field, enabled, sort)values (sys_guid(), 'leaf', '父模块', '0', '父节点', 1, 1);
insert into BASE_FIELDS (field_id, field, field_name, value_field, display_field, enabled, sort)values (sys_guid(), 'leaf', '父模块', '1', '子节点', 1, 2);
insert into BASE_FIELDS (field_id, field, field_name, value_field, display_field, enabled, sort)values (sys_guid(), 'expanded', '展开状态', '0', '收缩', 1, 1);
insert into BASE_FIELDS (field_id, field, field_name, value_field, display_field, enabled, sort)values (sys_guid(), 'expanded', '展开状态', '1', '展开', 1, 2);
insert into BASE_FIELDS (field_id, field, field_name, value_field, display_field, enabled, sort)values (sys_guid(), 'isdisplay', '是否显示', '0', '否', 1, 1);
insert into BASE_FIELDS (field_id, field, field_name, value_field, display_field, enabled, sort)values (sys_guid(), 'isdisplay', '是否显示', '1', '是', 1, 2);
insert into BASE_FIELDS (field_id, field, field_name, value_field, display_field, enabled, sort)values (sys_guid(), 'pagesize', '每页显示条数', '100', '100条/页', 1, 5);
insert into BASE_FIELDS (field_id, field, field_name, value_field, display_field, enabled, sort)values (sys_guid(), 'pagesize', '每页显示条数', '200', '200条/页', 1, 6);
insert into BASE_FIELDS (field_id, field, field_name, value_field, display_field, enabled, sort)values (sys_guid(), 'pagesize', '每页显示条数', '500', '500条/页', 0, 7);
insert into BASE_FIELDS (field_id, field, field_name, value_field, display_field, enabled, sort)values (sys_guid(), 'enabled', '是否启用', '0', '禁用', 1, 2);
insert into BASE_FIELDS (field_id, field, field_name, value_field, display_field, enabled, sort)values (sys_guid(), 'enabled', '是否启用', '1', '启用', 1, 1);
insert into BASE_FIELDS (field_id, field, field_name, value_field, display_field, enabled, sort)values (sys_guid(), 'theme', '风格', 'ext-all-xtheme-brown02.css', '灰棕色', 1, 5);
insert into BASE_FIELDS (field_id, field, field_name, value_field, display_field, enabled, sort)values (sys_guid(), 'theme', '风格', 'xtheme-calista.css', '绿黄双重色', 0, 8);
insert into BASE_FIELDS (field_id, field, field_name, value_field, display_field, enabled, sort)values (sys_guid(), 'theme', '风格', 'xtheme-indigo.css', '靛青', 1, 9);
insert into BASE_FIELDS (field_id, field, field_name, value_field, display_field, enabled, sort)values (sys_guid(), 'theme', '风格', 'xtheme-slate.css', '石板色', 1, 14);
insert into BASE_FIELDS (field_id, field, field_name, value_field, display_field, enabled, sort)values (sys_guid(), 'theme', '风格', 'xtheme-olive.css', '绿色', 1, 11);
insert into BASE_FIELDS (field_id, field, field_name, value_field, display_field, enabled, sort)values (sys_guid(), 'theme', '风格', 'xtheme-black.css', '黑色', 1, 6);
insert into BASE_FIELDS (field_id, field, field_name, value_field, display_field, enabled, sort)values (sys_guid(), 'theme', '风格', 'xtheme-darkgray.css', '暗灰', 1, 7);
insert into BASE_FIELDS (field_id, field, field_name, value_field, display_field, enabled, sort)values (sys_guid(), 'theme', '风格', 'xtheme-slickness.css', '全黑', 1, 15);
insert into BASE_FIELDS (field_id, field, field_name, value_field, display_field, enabled, sort)values (sys_guid(), 'theme', '风格', 'ext-all-xtheme-brown.css', '红棕色', 1, 4);
insert into BASE_FIELDS (field_id, field, field_name, value_field, display_field, enabled, sort)values (sys_guid(), 'theme', '风格', 'ext-all-xtheme-red03.css', '粉红', 1, 6);
insert into BASE_FIELDS (field_id, field, field_name, value_field, display_field, enabled, sort)values (sys_guid(), 'theme', '风格', 'xtheme-purple.css', '紫色', 1, 13);
insert into BASE_FIELDS (field_id, field, field_name, value_field, display_field, enabled, sort)values (sys_guid(), 'theme', '风格', 'ext-all-xtheme-blue03.css', '灰色', 1, 3);
insert into BASE_FIELDS (field_id, field, field_name, value_field, display_field, enabled, sort)values (sys_guid(), 'theme', '风格', 'xtheme-midnight.css', '午夜', 1, 10);
insert into BASE_FIELDS (field_id, field, field_name, value_field, display_field, enabled, sort)values (sys_guid(), 'theme', '风格', 'xtheme-pink.css', '粉红色', 1, 12);
commit;






insert into BASE_MODULES (module_id, module_name, module_url, parent_id, leaf, expanded, display_index, is_display, en_module_name, icon_css, information)
values (14, '系统字段管理', '/field', 1, 1, 1, 4, 1, 'field', 'field', null);
insert into BASE_MODULES (module_id, module_name, module_url, parent_id, leaf, expanded, display_index, is_display, en_module_name, icon_css, information)
values (11, '角色管理', '/role', 1, 1, 0, 3, 1, 'Role Management', 'role', null);
insert into BASE_MODULES (module_id, module_name, module_url, parent_id, leaf, expanded, display_index, is_display, en_module_name, icon_css, information)
values (12, '用户管理', '/user', 1, 1, 0, 2, 1, 'User Management', 'user', null);
insert into BASE_MODULES (module_id, module_name, module_url, parent_id, leaf, expanded, display_index, is_display, en_module_name, icon_css, information)
values (13, '模块管理', '/module', 1, 1, 0, 1, 1, 'Module Management', 'module', null);
insert into BASE_MODULES (module_id, module_name, module_url, parent_id, leaf, expanded, display_index, is_display, en_module_name, icon_css, information)
values (1, '系统设置', null, 0, 0, 1, 1, 1, 'System Settings', 'system_settings', null);
insert into BASE_MODULES (module_id, module_name, module_url, parent_id, leaf, expanded, display_index, is_display, en_module_name, icon_css, information)
values (2, '供应商管理', null, 0, 0, 1, 2, 1, 'Operator', 'abc', null);
insert into BASE_MODULES (module_id, module_name, module_url, parent_id, leaf, expanded, display_index, is_display, en_module_name, icon_css, information)
values (21, '供应商信息', '/oprator', 2, 1, 0, 1, 1, 'oprator', 'cde', null);
commit;

insert into BASE_ROLES (role_id, role_name, role_desc)values ('3D84F5FEB9D44E28B5D91710C637283A', '管理员', '管理员');
insert into BASE_ROLES (role_id, role_name, role_desc)values ('754701188F1F40C782171D0E3040E5D2', '测试角色', '测试角色');
commit;

--密码均为1
insert into BASE_USERS (user_id, account, password, real_name, sex, email, mobile, office_phone, last_login_time, last_login_ip, remark)values ('E9F8563613364D13AC7F503591EE8F6E', 'test', 'ddee6e95fae5bb5f8890a6f9ef7d0d1db744ca4417e94c05595ef280046a49021eba3291ee9c9cf8', '测试用户', 0, 'test@qq.com', '119', '110', to_date('21-11-2011 15:48:00', 'dd-mm-yyyy hh24:mi:ss'), null, null);
insert into BASE_USERS (user_id, account, password, real_name, sex, email, mobile, office_phone, last_login_time, last_login_ip, remark)values ('38AD4E59A9D64F95AE77AAB16D198DDA', 'admin', '6043ae1095884cf9663d140ee6450b49b8489b3aa073a8eec024492b976ee2a24aee0c272369121b', '超级管理员', 0, 'admin@whty.com.cn', '119', '110', to_date('16-12-2011 12:01:36', 'dd-mm-yyyy hh24:mi:ss'), '127.0.0.1', '用户信息');
commit;

insert into BASE_USER_ROLE (user_role_id, user_id, role_id)values ('D1424A23EB254AE59FFE604343E2BBB3', '38AD4E59A9D64F95AE77AAB16D198DDA', '3D84F5FEB9D44E28B5D91710C637283A');
insert into BASE_USER_ROLE (user_role_id, user_id, role_id)values ('543E84984C4D4E76BE120174225A8422', 'E9F8563613364D13AC7F503591EE8F6E', '754701188F1F40C782171D0E3040E5D2');
commit;

insert into BASE_ROLE_MODULE (role_module_id, role_id, module_id)values ('91F1012B942441BBBFEBB01E0859F453', '754701188F1F40C782171D0E3040E5D2', 2);
insert into BASE_ROLE_MODULE (role_module_id, role_id, module_id)values ('BB6294112EEE412F9F5C2E717958E10D', '754701188F1F40C782171D0E3040E5D2', 21);
insert into BASE_ROLE_MODULE (role_module_id, role_id, module_id)values ('E730317B9410429DB6F9A00ABF9332FF', '3D84F5FEB9D44E28B5D91710C637283A', 1);
insert into BASE_ROLE_MODULE (role_module_id, role_id, module_id)values ('3B84F28C3E5C428DAA8FAB14661AF2F5', '3D84F5FEB9D44E28B5D91710C637283A', 2);
insert into BASE_ROLE_MODULE (role_module_id, role_id, module_id)values ('4E46393B3BFC4F70AD67C667744F4653', '3D84F5FEB9D44E28B5D91710C637283A', 13);
insert into BASE_ROLE_MODULE (role_module_id, role_id, module_id)values ('75E5CFFE05F644099BDE0A98B15D7C5C', '3D84F5FEB9D44E28B5D91710C637283A', 12);
insert into BASE_ROLE_MODULE (role_module_id, role_id, module_id)values ('8C11EF2FAC9A4B94AE92FE3DE614B31D', '3D84F5FEB9D44E28B5D91710C637283A', 11);
insert into BASE_ROLE_MODULE (role_module_id, role_id, module_id)values ('86D6AFEC6E4642E5840831CE0E1A307D', '3D84F5FEB9D44E28B5D91710C637283A', 14);
insert into BASE_ROLE_MODULE (role_module_id, role_id, module_id)values ('70D092E4C4644417AF64963B7DAB7D13', '3D84F5FEB9D44E28B5D91710C637283A', 21);
commit;